date,movie_id,ticket_amount,ticket_price,total_earned
2024-05-01,2024_20C_014_130,141,18,2538
2024-05-02,2024_20C_014_130,152,15,2280
2024-05-03,2024_20C_014_130,155,17,2635
2024-05-04,2024_20C_014_130,114,15,1710
2024-05-05,2024_20C_014_130,157,12,1884
2024-05-06,2024_20C_014_130,160,9,1440
2024-05-07,2024_20C_014_130,95,17,1615
2024-05-08,2024_20C_014_130,171,9,1539
2024-05-09,2024_20C_014_130,163,18,2934
2024-05-10,2024_20C_014_130,213,8,1704
2024-05-11,2024_20C_014_130,152,14,2128
2024-05-12,2024_20C_014_130,178,15,2670
2024-05-13,2024_20C_014_130,197,19,3743
2024-05-14,2024_20C_014_130,186,9,1674
2024-05-15,2024_20C_014_130,98,9,882
2024-05-16,2024_20C_014_130,225,10,2250
2024-05-17,2024_20C_014_130,181,10,1810
2024-05-18,2024_20C_014_130,239,13,3107
2024-05-19,2024_20C_014_130,129,15,1935
2024-05-20,2024_20C_014_130,105,16,1680
2024-05-21,2024_20C_014_130,169,19,3211
2024-05-22,2024_20C_014_130,156,15,2340
2024-05-23,2024_20C_014_130,62,14,868
2024-05-24,2024_20C_014_130,240,11,2640
2024-05-25,2024_20C_014_130,97,19,1843
2024-05-26,2024_20C_014_130,122,13,1586
2024-05-27,2024_20C_014_130,221,11,2431
2024-05-28,2024_20C_014_130,64,10,640
2024-05-29,2024_20C_014_130,186,8,1488
2024-05-30,2024_20C_014_130,54,10,540
2024-05-31,2024_20C_014_130,202,8,1616
2024-06-01,2024_20C_014_130,200,15,3000
2024-06-02,2024_20C_014_130,69,14,966
2024-06-03,2024_20C_014_130,115,10,1150
2024-06-04,2024_20C_014_130,113,13,1469
2024-06-05,2024_20C_014_130,213,16,3408
2024-06-06,2024_20C_014_130,157,8,1256
2024-06-07,2024_20C_014_130,196,12,2352
2024-06-08,2024_20C_014_130,101,11,1111
2024-06-09,2024_20C_014_130,172,19,3268
2024-06-10,2024_20C_014_130,96,12,1152
2024-06-11,2024_20C_014_130,227,8,1816
2024-06-12,2024_20C_014_130,232,8,1856
2024-06-13,2024_20C_014_130,231,10,2310
2024-06-14,2024_20C_014_130,124,9,1116
2024-06-15,2024_20C_014_130,53,16,848
2024-06-16,2024_20C_014_130,144,9,1296
2024-06-17,2024_20C_014_130,110,11,1210
2024-06-18,2024_20C_014_130,136,8,1088
2024-06-19,2024_20C_014_130,82,14,1148
2024-06-20,2024_20C_014_130,101,17,1717
2024-06-21,2024_20C_014_130,120,12,1440
2024-06-22,2024_20C_014_130,235,10,2350
2024-06-23,2024_20C_014_130,97,8,776
2024-06-24,2024_20C_014_130,76,17,1292
2024-06-25,2024_20C_014_130,119,18,2142
2024-06-26,2024_20C_014_130,83,11,913
2024-06-27,2024_20C_014_130,92,19,1748
2024-06-28,2024_20C_014_130,153,11,1683
2024-06-29,2024_20C_014_130,96,18,1728
2024-06-30,2024_20C_014_130,118,19,2242
2024-07-01,2024_20C_014_130,98,15,1470
2024-08-01,2024_20C_017_125,172,14,2408
2024-08-02,2024_20C_017_125,172,8,1376
2024-08-03,2024_20C_017_125,140,8,1120
2024-08-04,2024_20C_017_125,220,11,2420
2024-08-05,2024_20C_017_125,162,10,1620
2024-08-06,2024_20C_017_125,107,17,1819
2024-08-07,2024_20C_017_125,127,18,2286
2024-08-08,2024_20C_017_125,135,18,2430
2024-08-09,2024_20C_017_125,148,10,1480
2024-08-10,2024_20C_017_125,144,19,2736
2024-08-11,2024_20C_017_125,228,14,3192
2024-08-12,2024_20C_017_125,235,11,2585
2024-08-13,2024_20C_017_125,191,17,3247
2024-08-14,2024_20C_017_125,173,15,2595
2024-08-15,2024_20C_017_125,190,18,3420
2024-08-16,2024_20C_017_125,154,8,1232
2024-08-17,2024_20C_017_125,93,10,930
2024-08-18,2024_20C_017_125,220,17,3740
2024-08-19,2024_20C_017_125,94,8,752
2024-08-20,2024_20C_017_125,108,8,864
2024-08-21,2024_20C_017_125,107,10,1070
2024-08-22,2024_20C_017_125,232,10,2320
2024-08-23,2024_20C_017_125,69,17,1173
2024-08-24,2024_20C_017_125,215,9,1935
2024-08-25,2024_20C_017_125,229,13,2977
2024-08-26,2024_20C_017_125,163,19,3097
2024-08-27,2024_20C_017_125,122,19,2318
2024-08-28,2024_20C_017_125,107,14,1498
2024-08-29,2024_20C_017_125,139,13,1807
2024-08-30,2024_20C_017_125,97,11,1067
2024-08-31,2024_20C_017_125,179,15,2685
2024-09-01,2024_20C_017_125,146,15,2190
2024-09-02,2024_20C_017_125,83,12,996
2024-09-03,2024_20C_017_125,74,18,1332
2024-09-04,2024_20C_017_125,198,19,3762
2024-09-05,2024_20C_017_125,184,9,1656
2024-09-06,2024_20C_017_125,219,13,2847
2024-09-07,2024_20C_017_125,160,8,1280
2024-09-08,2024_20C_017_125,222,18,3996
2024-09-09,2024_20C_017_125,170,8,1360
2024-09-10,2024_20C_017_125,50,19,950
2024-09-11,2024_20C_017_125,173,9,1557
2024-09-12,2024_20C_017_125,94,15,1410
2024-09-13,2024_20C_017_125,159,15,2385
2024-09-14,2024_20C_017_125,188,15,2820
2024-09-15,2024_20C_017_125,226,12,2712
2024-09-16,2024_20C_017_125,66,10,660
2024-09-17,2024_20C_017_125,60,13,780
2024-09-18,2024_20C_017_125,74,9,666
2024-09-19,2024_20C_017_125,233,17,3961
2024-09-20,2024_20C_017_125,187,10,1870
2024-09-21,2024_20C_017_125,51,17,867
2024-09-22,2024_20C_017_125,155,16,2480
2024-09-23,2024_20C_017_125,101,15,1515
2024-09-24,2024_20C_017_125,109,9,981
2024-09-25,2024_20C_017_125,118,13,1534
2024-09-26,2024_20C_017_125,171,17,2907
2024-09-27,2024_20C_017_125,144,18,2592
2024-09-28,2024_20C_017_125,194,9,1746
2024-09-29,2024_20C_017_125,138,15,2070
2024-09-30,2024_20C_017_125,59,14,826
2024-10-01,2024_20C_017_125,178,13,2314
2024-05-01,2024_ALC_234_90,91,15,1365
2024-05-02,2024_ALC_234_90,133,16,2128
2024-05-03,2024_ALC_234_90,236,8,1888
2024-05-04,2024_ALC_234_90,105,12,1260
2024-05-05,2024_ALC_234_90,186,14,2604
2024-05-06,2024_ALC_234_90,207,15,3105
2024-05-07,2024_ALC_234_90,54,13,702
2024-05-08,2024_ALC_234_90,146,13,1898
2024-05-09,2024_ALC_234_90,103,19,1957
2024-05-10,2024_ALC_234_90,202,14,2828
2024-05-11,2024_ALC_234_90,88,17,1496
2024-05-12,2024_ALC_234_90,90,12,1080
2024-05-13,2024_ALC_234_90,177,14,2478
2024-05-14,2024_ALC_234_90,62,16,992
2024-05-15,2024_ALC_234_90,91,18,1638
2024-05-16,2024_ALC_234_90,75,12,900
2024-05-17,2024_ALC_234_90,118,19,2242
2024-05-18,2024_ALC_234_90,71,18,1278
2024-05-19,2024_ALC_234_90,173,13,2249
2024-05-20,2024_ALC_234_90,80,18,1440
2024-05-21,2024_ALC_234_90,74,17,1258
2024-05-22,2024_ALC_234_90,116,14,1624
2024-05-23,2024_ALC_234_90,165,17,2805
2024-05-24,2024_ALC_234_90,137,17,2329
2024-05-25,2024_ALC_234_90,75,10,750
2024-05-26,2024_ALC_234_90,58,13,754
2024-05-27,2024_ALC_234_90,112,12,1344
2024-05-28,2024_ALC_234_90,69,9,621
2024-05-29,2024_ALC_234_90,143,15,2145
2024-05-30,2024_ALC_234_90,143,15,2145
2024-05-31,2024_ALC_234_90,88,15,1320
2024-06-01,2024_ALC_234_90,163,17,2771
2024-06-02,2024_ALC_234_90,138,17,2346
2024-06-03,2024_ALC_234_90,102,8,816
2024-06-04,2024_ALC_234_90,152,14,2128
2024-06-05,2024_ALC_234_90,134,8,1072
2024-06-06,2024_ALC_234_90,161,8,1288
2024-06-07,2024_ALC_234_90,84,14,1176
2024-06-08,2024_ALC_234_90,177,11,1947
2024-06-09,2024_ALC_234_90,87,11,957
2024-06-10,2024_ALC_234_90,238,18,4284
2024-06-11,2024_ALC_234_90,53,10,530
2024-06-12,2024_ALC_234_90,234,9,2106
2024-06-13,2024_ALC_234_90,90,14,1260
2024-06-14,2024_ALC_234_90,102,14,1428
2024-06-15,2024_ALC_234_90,56,19,1064
2024-06-16,2024_ALC_234_90,60,14,840
2024-06-17,2024_ALC_234_90,182,11,2002
2024-06-18,2024_ALC_234_90,210,16,3360
2024-06-19,2024_ALC_234_90,220,15,3300
2024-06-20,2024_ALC_234_90,91,16,1456
2024-06-21,2024_ALC_234_90,236,16,3776
2024-06-22,2024_ALC_234_90,233,12,2796
2024-06-23,2024_ALC_234_90,54,9,486
2024-06-24,2024_ALC_234_90,211,10,2110
2024-06-25,2024_ALC_234_90,171,10,1710
2024-06-26,2024_ALC_234_90,73,11,803
2024-06-27,2024_ALC_234_90,75,19,1425
2024-06-28,2024_ALC_234_90,75,19,1425
2024-06-29,2024_ALC_234_90,128,18,2304
2024-06-30,2024_ALC_234_90,107,15,1605
2024-07-01,2024_ALC_234_90,112,12,1344
2024-07-02,2024_ALC_234_90,146,8,1168
2024-07-03,2024_ALC_234_90,126,16,2016
2024-07-04,2024_ALC_234_90,109,11,1199
2024-07-05,2024_ALC_234_90,68,12,816
2024-07-06,2024_ALC_234_90,145,10,1450
2024-07-07,2024_ALC_234_90,192,14,2688
2024-07-08,2024_ALC_234_90,179,12,2148
2024-07-09,2024_ALC_234_90,163,13,2119
2024-07-10,2024_ALC_234_90,122,10,1220
2024-07-11,2024_ALC_234_90,89,16,1424
2024-07-12,2024_ALC_234_90,133,11,1463
2024-07-13,2024_ALC_234_90,87,19,1653
2024-07-14,2024_ALC_234_90,91,11,1001
2024-07-15,2024_ALC_234_90,78,10,780
2024-07-16,2024_ALC_234_90,66,16,1056
2024-07-17,2024_ALC_234_90,175,16,2800
2024-07-18,2024_ALC_234_90,191,16,3056
2024-07-19,2024_ALC_234_90,204,8,1632
2024-07-20,2024_ALC_234_90,87,10,870
2024-07-21,2024_ALC_234_90,147,19,2793
2024-07-22,2024_ALC_234_90,134,14,1876
2024-07-23,2024_ALC_234_90,161,9,1449
2024-07-24,2024_ALC_234_90,152,16,2432
2024-07-25,2024_ALC_234_90,198,8,1584
2024-07-26,2024_ALC_234_90,106,12,1272
2024-07-27,2024_ALC_234_90,195,18,3510
2024-07-28,2024_ALC_234_90,94,19,1786
2024-07-29,2024_ALC_234_90,238,16,3808
2024-07-30,2024_ALC_234_90,211,8,1688
2024-07-31,2024_ALC_234_90,232,15,3480
2024-11-01,2024_DIS_004_105,163,17,2771
2024-11-02,2024_DIS_004_105,74,13,962
2024-11-03,2024_DIS_004_105,133,11,1463
2024-11-04,2024_DIS_004_105,164,18,2952
2024-11-05,2024_DIS_004_105,167,16,2672
2024-11-06,2024_DIS_004_105,228,8,1824
2024-11-07,2024_DIS_004_105,93,17,1581
2024-11-08,2024_DIS_004_105,70,9,630
2024-11-09,2024_DIS_004_105,63,14,882
2024-11-10,2024_DIS_004_105,55,15,825
2024-11-11,2024_DIS_004_105,148,10,1480
2024-11-12,2024_DIS_004_105,141,8,1128
2024-11-13,2024_DIS_004_105,103,19,1957
2024-11-14,2024_DIS_004_105,102,19,1938
2024-11-15,2024_DIS_004_105,200,17,3400
2024-11-16,2024_DIS_004_105,88,9,792
2024-11-17,2024_DIS_004_105,164,17,2788
2024-11-18,2024_DIS_004_105,239,17,4063
2024-11-19,2024_DIS_004_105,164,15,2460
2024-11-20,2024_DIS_004_105,156,17,2652
2024-11-21,2024_DIS_004_105,165,19,3135
2024-11-22,2024_DIS_004_105,98,17,1666
2024-11-23,2024_DIS_004_105,70,8,560
2024-11-24,2024_DIS_004_105,221,12,2652
2024-11-25,2024_DIS_004_105,142,18,2556
2024-11-26,2024_DIS_004_105,60,13,780
2024-11-27,2024_DIS_004_105,51,17,867
2024-11-28,2024_DIS_004_105,209,8,1672
2024-11-29,2024_DIS_004_105,232,14,3248
2024-11-30,2024_DIS_004_105,86,14,1204
2024-12-01,2024_DIS_004_105,209,17,3553
2024-12-02,2024_DIS_004_105,115,14,1610
2024-12-03,2024_DIS_004_105,87,17,1479
2024-12-04,2024_DIS_004_105,189,9,1701
2024-12-05,2024_DIS_004_105,228,12,2736
2024-12-06,2024_DIS_004_105,138,8,1104
2024-12-07,2024_DIS_004_105,182,17,3094
2024-12-08,2024_DIS_004_105,133,13,1729
2024-12-09,2024_DIS_004_105,119,13,1547
2024-12-10,2024_DIS_004_105,156,16,2496
2024-12-11,2024_DIS_004_105,206,14,2884
2024-12-12,2024_DIS_004_105,152,12,1824
2024-12-13,2024_DIS_004_105,53,14,742
2024-12-14,2024_DIS_004_105,62,15,930
2024-12-15,2024_DIS_004_105,221,18,3978
2024-12-16,2024_DIS_004_105,233,12,2796
2024-12-17,2024_DIS_004_105,198,19,3762
2024-12-18,2024_DIS_004_105,140,11,1540
2024-12-19,2024_DIS_004_105,160,15,2400
2024-12-20,2024_DIS_004_105,189,16,3024
2024-12-21,2024_DIS_004_105,74,16,1184
2024-12-22,2024_DIS_004_105,175,12,2100
2024-12-23,2024_DIS_004_105,116,8,928
2024-12-24,2024_DIS_004_105,78,8,624
2024-12-25,2024_DIS_004_105,223,13,2899
2024-12-26,2024_DIS_004_105,235,12,2820
2024-12-27,2024_DIS_004_105,171,18,3078
2024-12-28,2024_DIS_004_105,100,9,900
2024-12-29,2024_DIS_004_105,173,10,1730
2024-12-30,2024_DIS_004_105,230,17,3910
2024-12-31,2024_DIS_004_105,144,9,1296
2024-12-01,2024_DIS_009_110,126,9,1134
2024-12-02,2024_DIS_009_110,209,11,2299
2024-12-03,2024_DIS_009_110,96,12,1152
2024-12-04,2024_DIS_009_110,98,15,1470
2024-12-05,2024_DIS_009_110,62,15,930
2024-12-06,2024_DIS_009_110,132,10,1320
2024-12-07,2024_DIS_009_110,132,12,1584
2024-12-08,2024_DIS_009_110,169,8,1352
2024-12-09,2024_DIS_009_110,71,15,1065
2024-12-10,2024_DIS_009_110,115,9,1035
2024-12-11,2024_DIS_009_110,225,10,2250
2024-12-12,2024_DIS_009_110,169,15,2535
2024-12-13,2024_DIS_009_110,222,13,2886
2024-12-14,2024_DIS_009_110,173,8,1384
2024-12-15,2024_DIS_009_110,118,16,1888
2024-12-16,2024_DIS_009_110,53,8,424
2024-12-17,2024_DIS_009_110,211,16,3376
2024-12-18,2024_DIS_009_110,227,12,2724
2024-12-19,2024_DIS_009_110,150,18,2700
2024-12-20,2024_DIS_009_110,195,12,2340
2024-12-21,2024_DIS_009_110,202,12,2424
2024-12-22,2024_DIS_009_110,93,18,1674
2024-12-23,2024_DIS_009_110,89,15,1335
2024-12-24,2024_DIS_009_110,118,12,1416
2024-12-25,2024_DIS_009_110,240,12,2880
2024-12-26,2024_DIS_009_110,224,18,4032
2024-12-27,2024_DIS_009_110,198,14,2772
2024-12-28,2024_DIS_009_110,61,9,549
2024-12-29,2024_DIS_009_110,90,19,1710
2024-12-30,2024_DIS_009_110,196,12,2352
2024-12-31,2024_DIS_009_110,195,10,1950
2025-01-01,2024_DIS_009_110,61,17,1037
2025-01-02,2024_DIS_009_110,93,12,1116
2025-01-03,2024_DIS_009_110,66,16,1056
2025-01-04,2024_DIS_009_110,72,16,1152
2025-01-05,2024_DIS_009_110,226,13,2938
2025-01-06,2024_DIS_009_110,221,11,2431
2025-01-07,2024_DIS_009_110,232,13,3016
2025-01-08,2024_DIS_009_110,128,12,1536
2025-01-09,2024_DIS_009_110,131,13,1703
2025-01-10,2024_DIS_009_110,156,16,2496
2025-01-11,2024_DIS_009_110,55,14,770
2025-01-12,2024_DIS_009_110,66,14,924
2025-01-13,2024_DIS_009_110,79,8,632
2025-01-14,2024_DIS_009_110,158,8,1264
2025-01-15,2024_DIS_009_110,111,18,1998
2025-01-16,2024_DIS_009_110,72,11,792
2025-01-17,2024_DIS_009_110,159,15,2385
2025-01-18,2024_DIS_009_110,156,19,2964
2025-01-19,2024_DIS_009_110,174,9,1566
2025-01-20,2024_DIS_009_110,104,13,1352
2025-01-21,2024_DIS_009_110,116,17,1972
2025-01-22,2024_DIS_009_110,210,11,2310
2025-01-23,2024_DIS_009_110,199,15,2985
2025-01-24,2024_DIS_009_110,171,14,2394
2025-01-25,2024_DIS_009_110,158,11,1738
2025-01-26,2024_DIS_009_110,126,9,1134
2025-01-27,2024_DIS_009_110,138,16,2208
2025-01-28,2024_DIS_009_110,128,17,2176
2025-01-29,2024_DIS_009_110,57,9,513
2025-01-30,2024_DIS_009_110,106,14,1484
2025-01-31,2024_DIS_009_110,143,12,1716
2025-02-01,2024_DIS_009_110,225,15,3375
2025-02-02,2024_DIS_009_110,177,15,2655
2025-02-03,2024_DIS_009_110,110,13,1430
2025-02-04,2024_DIS_009_110,211,10,2110
2025-02-05,2024_DIS_009_110,159,8,1272
2025-02-06,2024_DIS_009_110,211,16,3376
2025-02-07,2024_DIS_009_110,139,15,2085
2025-02-08,2024_DIS_009_110,212,16,3392
2025-02-09,2024_DIS_009_110,151,18,2718
2025-02-10,2024_DIS_009_110,68,18,1224
2025-02-11,2024_DIS_009_110,232,10,2320
2025-02-12,2024_DIS_009_110,80,12,960
2025-02-13,2024_DIS_009_110,127,17,2159
2025-02-14,2024_DIS_009_110,200,15,3000
2025-02-15,2024_DIS_009_110,105,15,1575
2025-02-16,2024_DIS_009_110,147,16,2352
2025-02-17,2024_DIS_009_110,202,15,3030
2025-02-18,2024_DIS_009_110,196,17,3332
2025-02-19,2024_DIS_009_110,94,19,1786
2025-02-20,2024_DIS_009_110,160,13,2080
2025-02-21,2024_DIS_009_110,160,13,2080
2025-02-22,2024_DIS_009_110,183,10,1830
2025-02-23,2024_DIS_009_110,197,8,1576
2025-02-24,2024_DIS_009_110,187,15,2805
2025-02-25,2024_DIS_009_110,218,11,2398
2025-02-26,2024_DIS_009_110,61,14,854
2025-02-27,2024_DIS_009_110,233,11,2563
2025-02-28,2024_DIS_009_110,194,13,2522
2025-03-01,2024_DIS_009_110,134,19,2546
2025-03-02,2024_DIS_009_110,204,12,2448
2025-03-03,2024_DIS_009_110,227,18,4086
2024-03-01,2024_DRE_008_098,51,14,714
2024-03-02,2024_DRE_008_098,196,17,3332
2024-03-03,2024_DRE_008_098,170,19,3230
2024-03-04,2024_DRE_008_098,58,14,812
2024-03-05,2024_DRE_008_098,216,10,2160
2024-03-06,2024_DRE_008_098,146,14,2044
2024-03-07,2024_DRE_008_098,208,11,2288
2024-03-08,2024_DRE_008_098,164,13,2132
2024-03-09,2024_DRE_008_098,163,10,1630
2024-03-10,2024_DRE_008_098,187,18,3366
2024-03-11,2024_DRE_008_098,76,8,608
2024-03-12,2024_DRE_008_098,95,9,855
2024-03-13,2024_DRE_008_098,215,12,2580
2024-03-14,2024_DRE_008_098,152,11,1672
2024-03-15,2024_DRE_008_098,119,10,1190
2024-03-16,2024_DRE_008_098,165,14,2310
2024-03-17,2024_DRE_008_098,91,14,1274
2024-03-18,2024_DRE_008_098,177,15,2655
2024-03-19,2024_DRE_008_098,171,11,1881
2024-03-20,2024_DRE_008_098,205,17,3485
2024-03-21,2024_DRE_008_098,205,19,3895
2024-03-22,2024_DRE_008_098,185,14,2590
2024-03-23,2024_DRE_008_098,87,13,1131
2024-03-24,2024_DRE_008_098,105,19,1995
2024-03-25,2024_DRE_008_098,63,16,1008
2024-03-26,2024_DRE_008_098,63,14,882
2024-03-27,2024_DRE_008_098,129,15,1935
2024-03-28,2024_DRE_008_098,97,9,873
2024-03-29,2024_DRE_008_098,95,11,1045
2024-03-30,2024_DRE_008_098,112,10,1120
2024-03-31,2024_DRE_008_098,182,11,2002
2024-07-01,2024_ILL_003_095,131,14,1834
2024-07-02,2024_ILL_003_095,231,15,3465
2024-07-03,2024_ILL_003_095,138,17,2346
2024-07-04,2024_ILL_003_095,174,14,2436
2024-07-05,2024_ILL_003_095,96,17,1632
2024-07-06,2024_ILL_003_095,225,11,2475
2024-07-07,2024_ILL_003_095,210,18,3780
2024-07-08,2024_ILL_003_095,190,17,3230
2024-07-09,2024_ILL_003_095,213,10,2130
2024-07-10,2024_ILL_003_095,114,13,1482
2024-07-11,2024_ILL_003_095,130,12,1560
2024-07-12,2024_ILL_003_095,157,11,1727
2024-07-13,2024_ILL_003_095,171,18,3078
2024-07-14,2024_ILL_003_095,89,14,1246
2024-07-15,2024_ILL_003_095,87,10,870
2024-07-16,2024_ILL_003_095,121,13,1573
2024-07-17,2024_ILL_003_095,97,10,970
2024-07-18,2024_ILL_003_095,137,14,1918
2024-07-19,2024_ILL_003_095,54,12,648
2024-07-20,2024_ILL_003_095,133,15,1995
2024-07-21,2024_ILL_003_095,226,13,2938
2024-07-22,2024_ILL_003_095,157,16,2512
2024-07-23,2024_ILL_003_095,232,14,3248
2024-07-24,2024_ILL_003_095,150,13,1950
2024-07-25,2024_ILL_003_095,128,10,1280
2024-07-26,2024_ILL_003_095,218,12,2616
2024-07-27,2024_ILL_003_095,189,16,3024
2024-07-28,2024_ILL_003_095,128,16,2048
2024-07-29,2024_ILL_003_095,221,16,3536
2024-07-30,2024_ILL_003_095,122,15,1830
2024-07-31,2024_ILL_003_095,68,8,544
2024-08-01,2024_ILL_003_095,78,16,1248
2024-08-02,2024_ILL_003_095,116,15,1740
2024-08-03,2024_ILL_003_095,150,15,2250
2024-08-04,2024_ILL_003_095,135,10,1350
2024-08-05,2024_ILL_003_095,54,14,756
2024-08-06,2024_ILL_003_095,106,12,1272
2024-08-07,2024_ILL_003_095,89,18,1602
2024-08-08,2024_ILL_003_095,107,14,1498
2024-08-09,2024_ILL_003_095,146,11,1606
2024-08-10,2024_ILL_003_095,91,13,1183
2024-08-11,2024_ILL_003_095,240,14,3360
2024-08-12,2024_ILL_003_095,160,19,3040
2024-08-13,2024_ILL_003_095,214,15,3210
2024-08-14,2024_ILL_003_095,144,9,1296
2024-08-15,2024_ILL_003_095,73,10,730
2024-08-16,2024_ILL_003_095,170,11,1870
2024-08-17,2024_ILL_003_095,236,9,2124
2024-08-18,2024_ILL_003_095,56,17,952
2024-08-19,2024_ILL_003_095,99,19,1881
2024-08-20,2024_ILL_003_095,239,13,3107
2024-08-21,2024_ILL_003_095,59,14,826
2024-08-22,2024_ILL_003_095,57,14,798
2024-08-23,2024_ILL_003_095,231,8,1848
2024-08-24,2024_ILL_003_095,58,19,1102
2024-08-25,2024_ILL_003_095,233,12,2796
2024-08-26,2024_ILL_003_095,110,16,1760
2024-08-27,2024_ILL_003_095,198,11,2178
2024-08-28,2024_ILL_003_095,237,8,1896
2024-08-29,2024_ILL_003_095,74,14,1036
2024-08-30,2024_ILL_003_095,161,14,2254
2024-08-31,2024_ILL_003_095,235,15,3525
2024-03-01,2024_LEG_007_125,186,11,2046
2024-03-02,2024_LEG_007_125,219,14,3066
2024-03-03,2024_LEG_007_125,59,18,1062
2024-03-04,2024_LEG_007_125,152,13,1976
2024-03-05,2024_LEG_007_125,149,9,1341
2024-03-06,2024_LEG_007_125,225,16,3600
2024-03-07,2024_LEG_007_125,146,10,1460
2024-03-08,2024_LEG_007_125,176,9,1584
2024-03-09,2024_LEG_007_125,149,19,2831
2024-03-10,2024_LEG_007_125,114,16,1824
2024-03-11,2024_LEG_007_125,178,18,3204
2024-03-12,2024_LEG_007_125,140,13,1820
2024-03-13,2024_LEG_007_125,70,9,630
2024-03-14,2024_LEG_007_125,226,15,3390
2024-03-15,2024_LEG_007_125,57,13,741
2024-03-16,2024_LEG_007_125,118,18,2124
2024-03-17,2024_LEG_007_125,178,11,1958
2024-03-18,2024_LEG_007_125,150,16,2400
2024-03-19,2024_LEG_007_125,125,19,2375
2024-03-20,2024_LEG_007_125,65,14,910
2024-03-21,2024_LEG_007_125,226,19,4294
2024-03-22,2024_LEG_007_125,138,13,1794
2024-03-23,2024_LEG_007_125,174,10,1740
2024-03-24,2024_LEG_007_125,198,19,3762
2024-03-25,2024_LEG_007_125,133,13,1729
2024-03-26,2024_LEG_007_125,110,9,990
2024-03-27,2024_LEG_007_125,66,9,594
2024-03-28,2024_LEG_007_125,116,14,1624
2024-03-29,2024_LEG_007_125,189,9,1701
2024-03-30,2024_LEG_007_125,206,9,1854
2024-03-31,2024_LEG_007_125,223,15,3345
2024-04-01,2024_LEG_007_125,238,15,3570
2024-04-02,2024_LEG_007_125,106,8,848
2024-04-03,2024_LEG_007_125,162,12,1944
2024-04-04,2024_LEG_007_125,165,10,1650
2024-04-05,2024_LEG_007_125,81,9,729
2024-04-06,2024_LEG_007_125,201,11,2211
2024-04-07,2024_LEG_007_125,239,8,1912
2024-04-08,2024_LEG_007_125,216,9,1944
2024-04-09,2024_LEG_007_125,179,11,1969
2024-04-10,2024_LEG_007_125,169,16,2704
2024-04-11,2024_LEG_007_125,109,18,1962
2024-04-12,2024_LEG_007_125,189,17,3213
2024-04-13,2024_LEG_007_125,114,10,1140
2024-04-14,2024_LEG_007_125,117,15,1755
2024-04-15,2024_LEG_007_125,232,15,3480
2024-04-16,2024_LEG_007_125,200,10,2000
2024-04-17,2024_LEG_007_125,200,17,3400
2024-04-18,2024_LEG_007_125,214,12,2568
2024-04-19,2024_LEG_007_125,198,12,2376
2024-04-20,2024_LEG_007_125,186,8,1488
2024-04-21,2024_LEG_007_125,184,19,3496
2024-04-22,2024_LEG_007_125,214,16,3424
2024-04-23,2024_LEG_007_125,221,10,2210
2024-04-24,2024_LEG_007_125,195,8,1560
2024-04-25,2024_LEG_007_125,81,10,810
2024-04-26,2024_LEG_007_125,131,13,1703
2024-04-27,2024_LEG_007_125,240,13,3120
2024-04-28,2024_LEG_007_125,187,16,2992
2024-04-29,2024_LEG_007_125,147,19,2793
2024-04-30,2024_LEG_007_125,159,13,2067
2024-05-01,2024_LEG_007_125,117,8,936
2024-07-01,2024_MAR_002_120,211,16,3376
2024-07-02,2024_MAR_002_120,236,15,3540
2024-07-03,2024_MAR_002_120,171,19,3249
2024-07-04,2024_MAR_002_120,214,8,1712
2024-07-05,2024_MAR_002_120,223,16,3568
2024-07-06,2024_MAR_002_120,149,19,2831
2024-07-07,2024_MAR_002_120,238,19,4522
2024-07-08,2024_MAR_002_120,210,13,2730
2024-07-09,2024_MAR_002_120,69,14,966
2024-07-10,2024_MAR_002_120,89,16,1424
2024-07-11,2024_MAR_002_120,207,13,2691
2024-07-12,2024_MAR_002_120,107,8,856
2024-07-13,2024_MAR_002_120,212,13,2756
2024-07-14,2024_MAR_002_120,177,9,1593
2024-07-15,2024_MAR_002_120,202,13,2626
2024-07-16,2024_MAR_002_120,227,13,2951
2024-07-17,2024_MAR_002_120,146,18,2628
2024-07-18,2024_MAR_002_120,127,16,2032
2024-07-19,2024_MAR_002_120,187,13,2431
2024-07-20,2024_MAR_002_120,237,13,3081
2024-07-21,2024_MAR_002_120,134,8,1072
2024-07-22,2024_MAR_002_120,177,19,3363
2024-07-23,2024_MAR_002_120,95,14,1330
2024-07-24,2024_MAR_002_120,169,16,2704
2024-07-25,2024_MAR_002_120,229,18,4122
2024-07-26,2024_MAR_002_120,129,18,2322
2024-07-27,2024_MAR_002_120,191,15,2865
2024-07-28,2024_MAR_002_120,74,14,1036
2024-07-29,2024_MAR_002_120,88,18,1584
2024-07-30,2024_MAR_002_120,130,14,1820
2024-07-31,2024_MAR_002_120,157,17,2669
2024-09-01,2024_NET_019_095,151,9,1359
2024-09-02,2024_NET_019_095,161,12,1932
2024-09-03,2024_NET_019_095,187,19,3553
2024-09-04,2024_NET_019_095,239,11,2629
2024-09-05,2024_NET_019_095,85,14,1190
2024-09-06,2024_NET_019_095,104,8,832
2024-09-07,2024_NET_019_095,75,14,1050
2024-09-08,2024_NET_019_095,109,18,1962
2024-09-09,2024_NET_019_095,174,13,2262
2024-09-10,2024_NET_019_095,73,8,584
2024-09-11,2024_NET_019_095,109,19,2071
2024-09-12,2024_NET_019_095,191,19,3629
2024-09-13,2024_NET_019_095,161,8,1288
2024-09-14,2024_NET_019_095,102,16,1632
2024-09-15,2024_NET_019_095,164,11,1804
2024-09-16,2024_NET_019_095,218,17,3706
2024-09-17,2024_NET_019_095,63,17,1071
2024-09-18,2024_NET_019_095,136,19,2584
2024-09-19,2024_NET_019_095,70,11,770
2024-09-20,2024_NET_019_095,98,16,1568
2024-09-21,2024_NET_019_095,74,18,1332
2024-09-22,2024_NET_019_095,203,8,1624
2024-09-23,2024_NET_019_095,236,14,3304
2024-09-24,2024_NET_019_095,71,12,852
2024-09-25,2024_NET_019_095,158,12,1896
2024-09-26,2024_NET_019_095,61,11,671
2024-09-27,2024_NET_019_095,134,16,2144
2024-09-28,2024_NET_019_095,226,9,2034
2024-09-29,2024_NET_019_095,231,8,1848
2024-09-30,2024_NET_019_095,88,11,968
2024-10-01,2024_NET_019_095,133,17,2261
2024-10-02,2024_NET_019_095,211,14,2954
2024-10-03,2024_NET_019_095,174,8,1392
2024-10-04,2024_NET_019_095,165,14,2310
2024-10-05,2024_NET_019_095,96,12,1152
2024-10-06,2024_NET_019_095,130,14,1820
2024-10-07,2024_NET_019_095,240,17,4080
2024-10-08,2024_NET_019_095,163,14,2282
2024-10-09,2024_NET_019_095,169,19,3211
2024-10-10,2024_NET_019_095,58,9,522
2024-10-11,2024_NET_019_095,68,17,1156
2024-10-12,2024_NET_019_095,225,14,3150
2024-10-13,2024_NET_019_095,157,8,1256
2024-10-14,2024_NET_019_095,116,9,1044
2024-10-15,2024_NET_019_095,107,17,1819
2024-10-16,2024_NET_019_095,123,18,2214
2024-10-17,2024_NET_019_095,97,17,1649
2024-10-18,2024_NET_019_095,160,14,2240
2024-10-19,2024_NET_019_095,236,19,4484
2024-10-20,2024_NET_019_095,116,18,2088
2024-10-21,2024_NET_019_095,142,12,1704
2024-10-22,2024_NET_019_095,233,17,3961
2024-10-23,2024_NET_019_095,138,9,1242
2024-10-24,2024_NET_019_095,205,10,2050
2024-10-25,2024_NET_019_095,193,19,3667
2024-10-26,2024_NET_019_095,151,9,1359
2024-10-27,2024_NET_019_095,90,18,1620
2024-10-28,2024_NET_019_095,134,9,1206
2024-10-29,2024_NET_019_095,145,14,2030
2024-10-30,2024_NET_019_095,57,11,627
2024-10-31,2024_NET_019_095,107,10,1070
2024-11-01,2024_NET_019_095,231,19,4389
2024-11-02,2024_NET_019_095,71,9,639
2024-11-03,2024_NET_019_095,177,10,1770
2024-11-04,2024_NET_019_095,90,15,1350
2024-11-05,2024_NET_019_095,211,12,2532
2024-11-06,2024_NET_019_095,157,13,2041
2024-11-07,2024_NET_019_095,144,16,2304
2024-11-08,2024_NET_019_095,145,14,2030
2024-11-09,2024_NET_019_095,231,12,2772
2024-11-10,2024_NET_019_095,58,11,638
2024-11-11,2024_NET_019_095,209,13,2717
2024-11-12,2024_NET_019_095,83,8,664
2024-11-13,2024_NET_019_095,113,18,2034
2024-11-14,2024_NET_019_095,54,11,594
2024-11-15,2024_NET_019_095,90,13,1170
2024-11-16,2024_NET_019_095,205,19,3895
2024-11-17,2024_NET_019_095,240,10,2400
2024-11-18,2024_NET_019_095,61,13,793
2024-11-19,2024_NET_019_095,207,18,3726
2024-11-20,2024_NET_019_095,50,16,800
2024-11-21,2024_NET_019_095,87,16,1392
2024-11-22,2024_NET_019_095,107,10,1070
2024-11-23,2024_NET_019_095,110,16,1760
2024-11-24,2024_NET_019_095,176,18,3168
2024-11-25,2024_NET_019_095,91,16,1456
2024-11-26,2024_NET_019_095,71,14,994
2024-11-27,2024_NET_019_095,188,14,2632
2024-11-28,2024_NET_019_095,157,12,1884
2024-11-29,2024_NET_019_095,132,14,1848
2024-11-30,2024_NET_019_095,67,16,1072
2024-12-01,2024_NET_019_095,69,9,621
2024-11-01,2024_PAR_012_140,92,11,1012
2024-11-02,2024_PAR_012_140,212,15,3180
2024-11-03,2024_PAR_012_140,134,11,1474
2024-11-04,2024_PAR_012_140,57,9,513
2024-11-05,2024_PAR_012_140,66,16,1056
2024-11-06,2024_PAR_012_140,197,18,3546
2024-11-07,2024_PAR_012_140,170,15,2550
2024-11-08,2024_PAR_012_140,58,8,464
2024-11-09,2024_PAR_012_140,90,13,1170
2024-11-10,2024_PAR_012_140,150,14,2100
2024-11-11,2024_PAR_012_140,169,14,2366
2024-11-12,2024_PAR_012_140,171,15,2565
2024-11-13,2024_PAR_012_140,226,8,1808
2024-11-14,2024_PAR_012_140,237,16,3792
2024-11-15,2024_PAR_012_140,175,12,2100
2024-11-16,2024_PAR_012_140,196,19,3724
2024-11-17,2024_PAR_012_140,155,16,2480
2024-11-18,2024_PAR_012_140,98,16,1568
2024-11-19,2024_PAR_012_140,209,15,3135
2024-11-20,2024_PAR_012_140,193,18,3474
2024-11-21,2024_PAR_012_140,57,13,741
2024-11-22,2024_PAR_012_140,206,9,1854
2024-11-23,2024_PAR_012_140,86,19,1634
2024-11-24,2024_PAR_012_140,184,9,1656
2024-11-25,2024_PAR_012_140,63,9,567
2024-11-26,2024_PAR_012_140,180,14,2520
2024-11-27,2024_PAR_012_140,98,18,1764
2024-11-28,2024_PAR_012_140,200,10,2000
2024-11-29,2024_PAR_012_140,171,10,1710
2024-11-30,2024_PAR_012_140,151,15,2265
2024-12-01,2024_PAR_012_140,104,19,1976
2024-12-02,2024_PAR_012_140,123,11,1353
2024-12-03,2024_PAR_012_140,143,8,1144
2024-12-04,2024_PAR_012_140,95,11,1045
2024-12-05,2024_PAR_012_140,124,15,1860
2024-12-06,2024_PAR_012_140,213,8,1704
2024-12-07,2024_PAR_012_140,193,14,2702
2024-12-08,2024_PAR_012_140,76,10,760
2024-12-09,2024_PAR_012_140,101,18,1818
2024-12-10,2024_PAR_012_140,97,15,1455
2024-12-11,2024_PAR_012_140,148,9,1332
2024-12-12,2024_PAR_012_140,182,14,2548
2024-12-13,2024_PAR_012_140,148,11,1628
2024-12-14,2024_PAR_012_140,235,10,2350
2024-12-15,2024_PAR_012_140,141,12,1692
2024-12-16,2024_PAR_012_140,153,12,1836
2024-12-17,2024_PAR_012_140,64,12,768
2024-12-18,2024_PAR_012_140,163,15,2445
2024-12-19,2024_PAR_012_140,120,12,1440
2024-12-20,2024_PAR_012_140,151,14,2114
2024-12-21,2024_PAR_012_140,111,13,1443
2024-12-22,2024_PAR_012_140,154,13,2002
2024-12-23,2024_PAR_012_140,99,11,1089
2024-12-24,2024_PAR_012_140,204,9,1836
2024-12-25,2024_PAR_012_140,109,13,1417
2024-12-26,2024_PAR_012_140,104,18,1872
2024-12-27,2024_PAR_012_140,151,11,1661
2024-12-28,2024_PAR_012_140,168,18,3024
2024-12-29,2024_PAR_012_140,188,17,3196
2024-12-30,2024_PAR_012_140,179,19,3401
2024-12-31,2024_PAR_012_140,184,19,3496
2025-01-01,2024_PAR_012_140,194,10,1940
2025-01-02,2024_PAR_012_140,81,15,1215
2025-01-03,2024_PAR_012_140,196,17,3332
2025-01-04,2024_PAR_012_140,117,8,936
2025-01-05,2024_PAR_012_140,104,9,936
2025-01-06,2024_PAR_012_140,184,13,2392
2025-01-07,2024_PAR_012_140,169,18,3042
2025-01-08,2024_PAR_012_140,233,12,2796
2025-01-09,2024_PAR_012_140,69,13,897
2025-01-10,2024_PAR_012_140,90,18,1620
2025-01-11,2024_PAR_012_140,240,17,4080
2025-01-12,2024_PAR_012_140,95,16,1520
2025-01-13,2024_PAR_012_140,70,19,1330
2025-01-14,2024_PAR_012_140,155,11,1705
2025-01-15,2024_PAR_012_140,76,10,760
2025-01-16,2024_PAR_012_140,206,17,3502
2025-01-17,2024_PAR_012_140,166,16,2656
2025-01-18,2024_PAR_012_140,158,8,1264
2025-01-19,2024_PAR_012_140,102,13,1326
2025-01-20,2024_PAR_012_140,104,18,1872
2025-01-21,2024_PAR_012_140,163,10,1630
2025-01-22,2024_PAR_012_140,148,12,1776
2025-01-23,2024_PAR_012_140,205,15,3075
2025-01-24,2024_PAR_012_140,148,13,1924
2025-01-25,2024_PAR_012_140,146,8,1168
2025-01-26,2024_PAR_012_140,148,9,1332
2025-01-27,2024_PAR_012_140,60,12,720
2025-01-28,2024_PAR_012_140,230,9,2070
2025-01-29,2024_PAR_012_140,121,9,1089
2025-01-30,2024_PAR_012_140,109,11,1199
2025-01-31,2024_PAR_012_140,111,8,888
2024-12-01,2024_PAR_018_110,64,18,1152
2024-12-02,2024_PAR_018_110,224,18,4032
2024-12-03,2024_PAR_018_110,171,18,3078
2024-12-04,2024_PAR_018_110,119,9,1071
2024-12-05,2024_PAR_018_110,180,11,1980
2024-12-06,2024_PAR_018_110,138,14,1932
2024-12-07,2024_PAR_018_110,134,19,2546
2024-12-08,2024_PAR_018_110,191,19,3629
2024-12-09,2024_PAR_018_110,157,11,1727
2024-12-10,2024_PAR_018_110,152,9,1368
2024-12-11,2024_PAR_018_110,67,10,670
2024-12-12,2024_PAR_018_110,74,16,1184
2024-12-13,2024_PAR_018_110,234,14,3276
2024-12-14,2024_PAR_018_110,155,14,2170
2024-12-15,2024_PAR_018_110,179,18,3222
2024-12-16,2024_PAR_018_110,70,19,1330
2024-12-17,2024_PAR_018_110,194,9,1746
2024-12-18,2024_PAR_018_110,54,19,1026
2024-12-19,2024_PAR_018_110,99,17,1683
2024-12-20,2024_PAR_018_110,79,10,790
2024-12-21,2024_PAR_018_110,83,14,1162
2024-12-22,2024_PAR_018_110,147,14,2058
2024-12-23,2024_PAR_018_110,127,8,1016
2024-12-24,2024_PAR_018_110,170,9,1530
2024-12-25,2024_PAR_018_110,220,18,3960
2024-12-26,2024_PAR_018_110,118,11,1298
2024-12-27,2024_PAR_018_110,193,13,2509
2024-12-28,2024_PAR_018_110,202,16,3232
2024-12-29,2024_PAR_018_110,82,14,1148
2024-12-30,2024_PAR_018_110,230,8,1840
2024-12-31,2024_PAR_018_110,91,10,910
2024-06-01,2024_PAR_032_105,171,12,2052
2024-06-02,2024_PAR_032_105,179,8,1432
2024-06-03,2024_PAR_032_105,132,14,1848
2024-06-04,2024_PAR_032_105,106,16,1696
2024-06-05,2024_PAR_032_105,209,9,1881
2024-06-06,2024_PAR_032_105,208,9,1872
2024-06-07,2024_PAR_032_105,224,16,3584
2024-06-08,2024_PAR_032_105,189,8,1512
2024-06-09,2024_PAR_032_105,217,19,4123
2024-06-10,2024_PAR_032_105,149,12,1788
2024-06-11,2024_PAR_032_105,112,15,1680
2024-06-12,2024_PAR_032_105,239,13,3107
2024-06-13,2024_PAR_032_105,162,8,1296
2024-06-14,2024_PAR_032_105,210,14,2940
2024-06-15,2024_PAR_032_105,137,17,2329
2024-06-16,2024_PAR_032_105,197,19,3743
2024-06-17,2024_PAR_032_105,163,17,2771
2024-06-18,2024_PAR_032_105,75,8,600
2024-06-19,2024_PAR_032_105,82,8,656
2024-06-20,2024_PAR_032_105,107,15,1605
2024-06-21,2024_PAR_032_105,85,17,1445
2024-06-22,2024_PAR_032_105,116,10,1160
2024-06-23,2024_PAR_032_105,136,17,2312
2024-06-24,2024_PAR_032_105,142,13,1846
2024-06-25,2024_PAR_032_105,211,13,2743
2024-06-26,2024_PAR_032_105,218,13,2834
2024-06-27,2024_PAR_032_105,140,17,2380
2024-06-28,2024_PAR_032_105,180,14,2520
2024-06-29,2024_PAR_032_105,155,12,1860
2024-06-30,2024_PAR_032_105,156,19,2964
2024-07-01,2024_PAR_032_105,143,11,1573
2024-07-02,2024_PAR_032_105,73,16,1168
2024-07-03,2024_PAR_032_105,63,15,945
2024-07-04,2024_PAR_032_105,95,8,760
2024-07-05,2024_PAR_032_105,196,17,3332
2024-07-06,2024_PAR_032_105,130,11,1430
2024-07-07,2024_PAR_032_105,66,16,1056
2024-07-08,2024_PAR_032_105,146,18,2628
2024-07-09,2024_PAR_032_105,218,19,4142
2024-07-10,2024_PAR_032_105,56,18,1008
2024-07-11,2024_PAR_032_105,161,17,2737
2024-07-12,2024_PAR_032_105,217,18,3906
2024-07-13,2024_PAR_032_105,74,10,740
2024-07-14,2024_PAR_032_105,218,8,1744
2024-07-15,2024_PAR_032_105,125,10,1250
2024-07-16,2024_PAR_032_105,51,15,765
2024-07-17,2024_PAR_032_105,118,14,1652
2024-07-18,2024_PAR_032_105,91,19,1729
2024-07-19,2024_PAR_032_105,102,14,1428
2024-07-20,2024_PAR_032_105,108,11,1188
2024-07-21,2024_PAR_032_105,148,11,1628
2024-07-22,2024_PAR_032_105,137,14,1918
2024-07-23,2024_PAR_032_105,71,8,568
2024-07-24,2024_PAR_032_105,123,10,1230
2024-07-25,2024_PAR_032_105,140,8,1120
2024-07-26,2024_PAR_032_105,166,16,2656
2024-07-27,2024_PAR_032_105,173,8,1384
2024-07-28,2024_PAR_032_105,226,19,4294
2024-07-29,2024_PAR_032_105,200,13,2600
2024-07-30,2024_PAR_032_105,220,16,3520
2024-07-31,2024_PAR_032_105,159,11,1749
2024-06-01,2024_PIX_001_100,118,16,1888
2024-06-02,2024_PIX_001_100,217,11,2387
2024-06-03,2024_PIX_001_100,228,14,3192
2024-06-04,2024_PIX_001_100,137,19,2603
2024-06-05,2024_PIX_001_100,55,11,605
2024-06-06,2024_PIX_001_100,59,15,885
2024-06-07,2024_PIX_001_100,117,10,1170
2024-06-08,2024_PIX_001_100,116,18,2088
2024-06-09,2024_PIX_001_100,155,13,2015
2024-06-10,2024_PIX_001_100,188,11,2068
2024-06-11,2024_PIX_001_100,123,18,2214
2024-06-12,2024_PIX_001_100,189,16,3024
2024-06-13,2024_PIX_001_100,65,15,975
2024-06-14,2024_PIX_001_100,166,16,2656
2024-06-15,2024_PIX_001_100,163,9,1467
2024-06-16,2024_PIX_001_100,215,18,3870
2024-06-17,2024_PIX_001_100,126,15,1890
2024-06-18,2024_PIX_001_100,209,13,2717
2024-06-19,2024_PIX_001_100,134,18,2412
2024-06-20,2024_PIX_001_100,123,18,2214
2024-06-21,2024_PIX_001_100,200,8,1600
2024-06-22,2024_PIX_001_100,114,18,2052
2024-06-23,2024_PIX_001_100,132,13,1716
2024-06-24,2024_PIX_001_100,113,15,1695
2024-06-25,2024_PIX_001_100,116,10,1160
2024-06-26,2024_PIX_001_100,116,18,2088
2024-06-27,2024_PIX_001_100,146,12,1752
2024-06-28,2024_PIX_001_100,52,17,884
2024-06-29,2024_PIX_001_100,230,17,3910
2024-06-30,2024_PIX_001_100,58,18,1044
2024-07-01,2024_PIX_001_100,123,10,1230
2024-07-02,2024_PIX_001_100,132,9,1188
2024-07-03,2024_PIX_001_100,162,17,2754
2024-07-04,2024_PIX_001_100,155,8,1240
2024-07-05,2024_PIX_001_100,179,14,2506
2024-07-06,2024_PIX_001_100,99,12,1188
2024-07-07,2024_PIX_001_100,106,14,1484
2024-07-08,2024_PIX_001_100,144,15,2160
2024-07-09,2024_PIX_001_100,107,15,1605
2024-07-10,2024_PIX_001_100,205,15,3075
2024-07-11,2024_PIX_001_100,150,12,1800
2024-07-12,2024_PIX_001_100,191,19,3629
2024-07-13,2024_PIX_001_100,220,15,3300
2024-07-14,2024_PIX_001_100,73,11,803
2024-07-15,2024_PIX_001_100,103,9,927
2024-07-16,2024_PIX_001_100,179,8,1432
2024-07-17,2024_PIX_001_100,95,19,1805
2024-07-18,2024_PIX_001_100,71,9,639
2024-07-19,2024_PIX_001_100,164,8,1312
2024-07-20,2024_PIX_001_100,167,17,2839
2024-07-21,2024_PIX_001_100,169,16,2704
2024-07-22,2024_PIX_001_100,118,17,2006
2024-07-23,2024_PIX_001_100,195,13,2535
2024-07-24,2024_PIX_001_100,198,18,3564
2024-07-25,2024_PIX_001_100,191,15,2865
2024-07-26,2024_PIX_001_100,60,16,960
2024-07-27,2024_PIX_001_100,217,11,2387
2024-07-28,2024_PIX_001_100,86,19,1634
2024-07-29,2024_PIX_001_100,102,10,1020
2024-07-30,2024_PIX_001_100,92,13,1196
2024-07-31,2024_PIX_001_100,132,12,1584
2024-08-01,2024_PIX_001_100,101,16,1616
2024-08-02,2024_PIX_001_100,193,10,1930
2024-08-03,2024_PIX_001_100,228,8,1824
2024-08-04,2024_PIX_001_100,144,10,1440
2024-08-05,2024_PIX_001_100,74,18,1332
2024-08-06,2024_PIX_001_100,193,8,1544
2024-08-07,2024_PIX_001_100,215,14,3010
2024-08-08,2024_PIX_001_100,238,16,3808
2024-08-09,2024_PIX_001_100,74,11,814
2024-08-10,2024_PIX_001_100,59,11,649
2024-08-11,2024_PIX_001_100,174,11,1914
2024-08-12,2024_PIX_001_100,210,16,3360
2024-08-13,2024_PIX_001_100,169,9,1521
2024-08-14,2024_PIX_001_100,112,8,896
2024-08-15,2024_PIX_001_100,127,17,2159
2024-08-16,2024_PIX_001_100,191,15,2865
2024-08-17,2024_PIX_001_100,114,16,1824
2024-08-18,2024_PIX_001_100,133,15,1995
2024-08-19,2024_PIX_001_100,239,13,3107
2024-08-20,2024_PIX_001_100,174,19,3306
2024-08-21,2024_PIX_001_100,156,17,2652
2024-08-22,2024_PIX_001_100,117,14,1638
2024-08-23,2024_PIX_001_100,102,8,816
2024-08-24,2024_PIX_001_100,100,10,1000
2024-08-25,2024_PIX_001_100,182,15,2730
2024-08-26,2024_PIX_001_100,117,18,2106
2024-08-27,2024_PIX_001_100,238,8,1904
2024-08-28,2024_PIX_001_100,103,19,1957
2024-08-29,2024_PIX_001_100,150,10,1500
2024-08-30,2024_PIX_001_100,63,12,756
2024-08-31,2024_PIX_001_100,143,12,1716
2024-10-01,2024_SON_010_115,182,13,2366
2024-10-02,2024_SON_010_115,182,10,1820
2024-10-03,2024_SON_010_115,152,13,1976
2024-10-04,2024_SON_010_115,139,13,1807
2024-10-05,2024_SON_010_115,208,13,2704
2024-10-06,2024_SON_010_115,74,13,962
2024-10-07,2024_SON_010_115,94,12,1128
2024-10-08,2024_SON_010_115,148,13,1924
2024-10-09,2024_SON_010_115,207,18,3726
2024-10-10,2024_SON_010_115,97,11,1067
2024-10-11,2024_SON_010_115,131,18,2358
2024-10-12,2024_SON_010_115,177,19,3363
2024-10-13,2024_SON_010_115,92,19,1748
2024-10-14,2024_SON_010_115,117,18,2106
2024-10-15,2024_SON_010_115,104,8,832
2024-10-16,2024_SON_010_115,161,16,2576
2024-10-17,2024_SON_010_115,200,15,3000
2024-10-18,2024_SON_010_115,235,13,3055
2024-10-19,2024_SON_010_115,214,13,2782
2024-10-20,2024_SON_010_115,77,10,770
2024-10-21,2024_SON_010_115,53,17,901
2024-10-22,2024_SON_010_115,176,16,2816
2024-10-23,2024_SON_010_115,220,18,3960
2024-10-24,2024_SON_010_115,93,19,1767
2024-10-25,2024_SON_010_115,99,17,1683
2024-10-26,2024_SON_010_115,158,10,1580
2024-10-27,2024_SON_010_115,150,8,1200
2024-10-28,2024_SON_010_115,221,10,2210
2024-10-29,2024_SON_010_115,82,16,1312
2024-10-30,2024_SON_010_115,120,15,1800
2024-10-31,2024_SON_010_115,79,18,1422
2024-06-01,2024_SON_013_118,56,13,728
2024-06-02,2024_SON_013_118,204,13,2652
2024-06-03,2024_SON_013_118,87,10,870
2024-06-04,2024_SON_013_118,237,13,3081
2024-06-05,2024_SON_013_118,149,16,2384
2024-06-06,2024_SON_013_118,139,17,2363
2024-06-07,2024_SON_013_118,63,8,504
2024-06-08,2024_SON_013_118,176,17,2992
2024-06-09,2024_SON_013_118,169,13,2197
2024-06-10,2024_SON_013_118,223,8,1784
2024-06-11,2024_SON_013_118,99,17,1683
2024-06-12,2024_SON_013_118,84,14,1176
2024-06-13,2024_SON_013_118,209,17,3553
2024-06-14,2024_SON_013_118,77,15,1155
2024-06-15,2024_SON_013_118,124,8,992
2024-06-16,2024_SON_013_118,182,13,2366
2024-06-17,2024_SON_013_118,166,8,1328
2024-06-18,2024_SON_013_118,74,17,1258
2024-06-19,2024_SON_013_118,172,13,2236
2024-06-20,2024_SON_013_118,77,17,1309
2024-06-21,2024_SON_013_118,59,19,1121
2024-06-22,2024_SON_013_118,65,16,1040
2024-06-23,2024_SON_013_118,227,14,3178
2024-06-24,2024_SON_013_118,106,12,1272
2024-06-25,2024_SON_013_118,173,9,1557
2024-06-26,2024_SON_013_118,220,14,3080
2024-06-27,2024_SON_013_118,133,13,1729
2024-06-28,2024_SON_013_118,124,17,2108
2024-06-29,2024_SON_013_118,59,14,826
2024-06-30,2024_SON_013_118,137,8,1096
2024-07-01,2024_SON_013_118,67,17,1139
2024-07-02,2024_SON_013_118,227,17,3859
2024-07-03,2024_SON_013_118,71,16,1136
2024-07-04,2024_SON_013_118,205,14,2870
2024-07-05,2024_SON_013_118,211,15,3165
2024-07-06,2024_SON_013_118,204,15,3060
2024-07-07,2024_SON_013_118,76,9,684
2024-07-08,2024_SON_013_118,91,11,1001
2024-07-09,2024_SON_013_118,96,13,1248
2024-07-10,2024_SON_013_118,111,19,2109
2024-07-11,2024_SON_013_118,75,10,750
2024-07-12,2024_SON_013_118,93,13,1209
2024-07-13,2024_SON_013_118,208,18,3744
2024-07-14,2024_SON_013_118,184,18,3312
2024-07-15,2024_SON_013_118,69,19,1311
2024-07-16,2024_SON_013_118,185,16,2960
2024-07-17,2024_SON_013_118,201,18,3618
2024-07-18,2024_SON_013_118,60,15,900
2024-07-19,2024_SON_013_118,87,18,1566
2024-07-20,2024_SON_013_118,127,15,1905
2024-07-21,2024_SON_013_118,203,12,2436
2024-07-22,2024_SON_013_118,106,8,848
2024-07-23,2024_SON_013_118,176,17,2992
2024-07-24,2024_SON_013_118,196,12,2352
2024-07-25,2024_SON_013_118,109,19,2071
2024-07-26,2024_SON_013_118,162,10,1620
2024-07-27,2024_SON_013_118,178,18,3204
2024-07-28,2024_SON_013_118,216,9,1944
2024-07-29,2024_SON_013_118,234,9,2106
2024-07-30,2024_SON_013_118,141,14,1974
2024-07-31,2024_SON_013_118,181,19,3439
2024-08-01,2024_SON_013_118,130,15,1950
2024-08-02,2024_SON_013_118,59,13,767
2024-08-03,2024_SON_013_118,94,11,1034
2024-08-04,2024_SON_013_118,83,17,1411
2024-08-05,2024_SON_013_118,209,17,3553
2024-08-06,2024_SON_013_118,191,16,3056
2024-08-07,2024_SON_013_118,91,17,1547
2024-08-08,2024_SON_013_118,197,8,1576
2024-08-09,2024_SON_013_118,51,11,561
2024-08-10,2024_SON_013_118,200,8,1600
2024-08-11,2024_SON_013_118,183,13,2379
2024-08-12,2024_SON_013_118,77,19,1463
2024-08-13,2024_SON_013_118,69,15,1035
2024-08-14,2024_SON_013_118,185,15,2775
2024-08-15,2024_SON_013_118,182,18,3276
2024-08-16,2024_SON_013_118,214,12,2568
2024-08-17,2024_SON_013_118,132,9,1188
2024-08-18,2024_SON_013_118,195,9,1755
2024-08-19,2024_SON_013_118,87,13,1131
2024-08-20,2024_SON_013_118,202,15,3030
2024-08-21,2024_SON_013_118,64,8,512
2024-08-22,2024_SON_013_118,226,16,3616
2024-08-23,2024_SON_013_118,135,10,1350
2024-08-24,2024_SON_013_118,63,13,819
2024-08-25,2024_SON_013_118,207,8,1656
2024-08-26,2024_SON_013_118,66,10,660
2024-08-27,2024_SON_013_118,228,12,2736
2024-08-28,2024_SON_013_118,89,12,1068
2024-08-29,2024_SON_013_118,66,11,726
2024-08-30,2024_SON_013_118,108,16,1728
2024-08-31,2024_SON_013_118,58,8,464
2024-03-01,2024_SON_043_110,220,8,1760
2024-03-02,2024_SON_043_110,105,16,1680
2024-03-03,2024_SON_043_110,98,11,1078
2024-03-04,2024_SON_043_110,215,15,3225
2024-03-05,2024_SON_043_110,160,19,3040
2024-03-06,2024_SON_043_110,79,18,1422
2024-03-07,2024_SON_043_110,203,11,2233
2024-03-08,2024_SON_043_110,107,13,1391
2024-03-09,2024_SON_043_110,234,8,1872
2024-03-10,2024_SON_043_110,237,12,2844
2024-03-11,2024_SON_043_110,184,12,2208
2024-03-12,2024_SON_043_110,54,16,864
2024-03-13,2024_SON_043_110,174,12,2088
2024-03-14,2024_SON_043_110,146,12,1752
2024-03-15,2024_SON_043_110,108,11,1188
2024-03-16,2024_SON_043_110,153,9,1377
2024-03-17,2024_SON_043_110,119,15,1785
2024-03-18,2024_SON_043_110,170,11,1870
2024-03-19,2024_SON_043_110,79,15,1185
2024-03-20,2024_SON_043_110,182,14,2548
2024-03-21,2024_SON_043_110,64,10,640
2024-03-22,2024_SON_043_110,154,13,2002
2024-03-23,2024_SON_043_110,206,11,2266
2024-03-24,2024_SON_043_110,92,12,1104
2024-03-25,2024_SON_043_110,173,12,2076
2024-03-26,2024_SON_043_110,86,8,688
2024-03-27,2024_SON_043_110,84,8,672
2024-03-28,2024_SON_043_110,143,14,2002
2024-03-29,2024_SON_043_110,203,11,2233
2024-03-30,2024_SON_043_110,217,19,4123
2024-03-31,2024_SON_043_110,161,10,1610
2024-04-01,2024_SON_043_110,232,13,3016
2024-04-02,2024_SON_043_110,71,16,1136
2024-04-03,2024_SON_043_110,143,12,1716
2024-04-04,2024_SON_043_110,204,17,3468
2024-04-05,2024_SON_043_110,91,11,1001
2024-04-06,2024_SON_043_110,120,16,1920
2024-04-07,2024_SON_043_110,101,10,1010
2024-04-08,2024_SON_043_110,149,10,1490
2024-04-09,2024_SON_043_110,79,12,948
2024-04-10,2024_SON_043_110,206,18,3708
2024-04-11,2024_SON_043_110,136,14,1904
2024-04-12,2024_SON_043_110,171,17,2907
2024-04-13,2024_SON_043_110,227,19,4313
2024-04-14,2024_SON_043_110,114,14,1596
2024-04-15,2024_SON_043_110,175,14,2450
2024-04-16,2024_SON_043_110,51,19,969
2024-04-17,2024_SON_043_110,86,19,1634
2024-04-18,2024_SON_043_110,186,11,2046
2024-04-19,2024_SON_043_110,57,19,1083
2024-04-20,2024_SON_043_110,142,19,2698
2024-04-21,2024_SON_043_110,114,12,1368
2024-04-22,2024_SON_043_110,146,19,2774
2024-04-23,2024_SON_043_110,160,9,1440
2024-04-24,2024_SON_043_110,191,11,2101
2024-04-25,2024_SON_043_110,93,18,1674
2024-04-26,2024_SON_043_110,178,17,3026
2024-04-27,2024_SON_043_110,76,8,608
2024-04-28,2024_SON_043_110,119,8,952
2024-04-29,2024_SON_043_110,143,15,2145
2024-04-30,2024_SON_043_110,195,13,2535
2024-05-01,2024_SON_043_110,91,9,819
2024-05-02,2024_SON_043_110,196,9,1764
2024-05-03,2024_SON_043_110,63,8,504
2024-05-04,2024_SON_043_110,73,14,1022
2024-05-05,2024_SON_043_110,141,16,2256
2024-05-06,2024_SON_043_110,222,13,2886
2024-05-07,2024_SON_043_110,162,17,2754
2024-05-08,2024_SON_043_110,138,9,1242
2024-05-09,2024_SON_043_110,148,17,2516
2024-05-10,2024_SON_043_110,69,14,966
2024-05-11,2024_SON_043_110,154,16,2464
2024-05-12,2024_SON_043_110,137,17,2329
2024-05-13,2024_SON_043_110,118,15,1770
2024-05-14,2024_SON_043_110,184,12,2208
2024-05-15,2024_SON_043_110,223,18,4014
2024-05-16,2024_SON_043_110,86,9,774
2024-05-17,2024_SON_043_110,124,9,1116
2024-05-18,2024_SON_043_110,86,17,1462
2024-05-19,2024_SON_043_110,123,13,1599
2024-05-20,2024_SON_043_110,162,9,1458
2024-05-21,2024_SON_043_110,120,8,960
2024-05-22,2024_SON_043_110,129,15,1935
2024-05-23,2024_SON_043_110,99,13,1287
2024-05-24,2024_SON_043_110,182,11,2002
2024-05-25,2024_SON_043_110,219,8,1752
2024-05-26,2024_SON_043_110,61,18,1098
2024-05-27,2024_SON_043_110,151,11,1661
2024-05-28,2024_SON_043_110,232,17,3944
2024-05-29,2024_SON_043_110,151,15,2265
2024-05-30,2024_SON_043_110,225,11,2475
2024-05-31,2024_SON_043_110,127,8,1016
2024-11-01,2024_UNI_006_135,102,14,1428
2024-11-02,2024_UNI_006_135,152,11,1672
2024-11-03,2024_UNI_006_135,118,16,1888
2024-11-04,2024_UNI_006_135,65,17,1105
2024-11-05,2024_UNI_006_135,93,9,837
2024-11-06,2024_UNI_006_135,120,12,1440
2024-11-07,2024_UNI_006_135,175,18,3150
2024-11-08,2024_UNI_006_135,61,14,854
2024-11-09,2024_UNI_006_135,79,10,790
2024-11-10,2024_UNI_006_135,146,15,2190
2024-11-11,2024_UNI_006_135,185,19,3515
2024-11-12,2024_UNI_006_135,159,13,2067
2024-11-13,2024_UNI_006_135,74,14,1036
2024-11-14,2024_UNI_006_135,196,14,2744
2024-11-15,2024_UNI_006_135,212,12,2544
2024-11-16,2024_UNI_006_135,207,19,3933
2024-11-17,2024_UNI_006_135,156,14,2184
2024-11-18,2024_UNI_006_135,86,14,1204
2024-11-19,2024_UNI_006_135,202,18,3636
2024-11-20,2024_UNI_006_135,150,12,1800
2024-11-21,2024_UNI_006_135,121,17,2057
2024-11-22,2024_UNI_006_135,163,8,1304
2024-11-23,2024_UNI_006_135,202,18,3636
2024-11-24,2024_UNI_006_135,145,17,2465
2024-11-25,2024_UNI_006_135,208,15,3120
2024-11-26,2024_UNI_006_135,153,14,2142
2024-11-27,2024_UNI_006_135,228,8,1824
2024-11-28,2024_UNI_006_135,127,17,2159
2024-11-29,2024_UNI_006_135,99,19,1881
2024-11-30,2024_UNI_006_135,171,14,2394
2024-12-01,2024_UNI_006_135,85,10,850
2024-07-01,2024_UNI_015_120,173,14,2422
2024-07-02,2024_UNI_015_120,226,14,3164
2024-07-03,2024_UNI_015_120,149,14,2086
2024-07-04,2024_UNI_015_120,144,16,2304
2024-07-05,2024_UNI_015_120,125,19,2375
2024-07-06,2024_UNI_015_120,170,8,1360
2024-07-07,2024_UNI_015_120,110,8,880
2024-07-08,2024_UNI_015_120,127,18,2286
2024-07-09,2024_UNI_015_120,179,13,2327
2024-07-10,2024_UNI_015_120,72,13,936
2024-07-11,2024_UNI_015_120,192,16,3072
2024-07-12,2024_UNI_015_120,182,17,3094
2024-07-13,2024_UNI_015_120,94,19,1786
2024-07-14,2024_UNI_015_120,164,8,1312
2024-07-15,2024_UNI_015_120,198,13,2574
2024-07-16,2024_UNI_015_120,110,13,1430
2024-07-17,2024_UNI_015_120,145,9,1305
2024-07-18,2024_UNI_015_120,115,17,1955
2024-07-19,2024_UNI_015_120,183,9,1647
2024-07-20,2024_UNI_015_120,154,10,1540
2024-07-21,2024_UNI_015_120,83,14,1162
2024-07-22,2024_UNI_015_120,208,11,2288
2024-07-23,2024_UNI_015_120,208,16,3328
2024-07-24,2024_UNI_015_120,105,12,1260
2024-07-25,2024_UNI_015_120,154,14,2156
2024-07-26,2024_UNI_015_120,168,12,2016
2024-07-27,2024_UNI_015_120,79,11,869
2024-07-28,2024_UNI_015_120,205,18,3690
2024-07-29,2024_UNI_015_120,237,15,3555
2024-07-30,2024_UNI_015_120,87,11,957
2024-07-31,2024_UNI_015_120,233,8,1864
2024-08-01,2024_UNI_015_120,77,14,1078
2024-08-02,2024_UNI_015_120,147,15,2205
2024-08-03,2024_UNI_015_120,185,17,3145
2024-08-04,2024_UNI_015_120,167,9,1503
2024-08-05,2024_UNI_015_120,154,13,2002
2024-08-06,2024_UNI_015_120,81,10,810
2024-08-07,2024_UNI_015_120,234,13,3042
2024-08-08,2024_UNI_015_120,151,14,2114
2024-08-09,2024_UNI_015_120,104,8,832
2024-08-10,2024_UNI_015_120,221,14,3094
2024-08-11,2024_UNI_015_120,111,9,999
2024-08-12,2024_UNI_015_120,191,18,3438
2024-08-13,2024_UNI_015_120,55,9,495
2024-08-14,2024_UNI_015_120,167,13,2171
2024-08-15,2024_UNI_015_120,93,13,1209
2024-08-16,2024_UNI_015_120,77,8,616
2024-08-17,2024_UNI_015_120,205,8,1640
2024-08-18,2024_UNI_015_120,144,8,1152
2024-08-19,2024_UNI_015_120,53,8,424
2024-08-20,2024_UNI_015_120,184,9,1656
2024-08-21,2024_UNI_015_120,131,19,2489
2024-08-22,2024_UNI_015_120,159,18,2862
2024-08-23,2024_UNI_015_120,52,14,728
2024-08-24,2024_UNI_015_120,220,15,3300
2024-08-25,2024_UNI_015_120,105,18,1890
2024-08-26,2024_UNI_015_120,122,14,1708
2024-08-27,2024_UNI_015_120,53,16,848
2024-08-28,2024_UNI_015_120,119,19,2261
2024-08-29,2024_UNI_015_120,154,15,2310
2024-08-30,2024_UNI_015_120,224,18,4032
2024-08-31,2024_UNI_015_120,175,11,1925
2024-09-01,2024_UNI_015_120,108,16,1728
2024-09-02,2024_UNI_015_120,158,11,1738
2024-09-03,2024_UNI_015_120,222,11,2442
2024-09-04,2024_UNI_015_120,136,16,2176
2024-09-05,2024_UNI_015_120,105,10,1050
2024-09-06,2024_UNI_015_120,233,18,4194
2024-09-07,2024_UNI_015_120,128,18,2304
2024-09-08,2024_UNI_015_120,236,15,3540
2024-09-09,2024_UNI_015_120,165,16,2640
2024-09-10,2024_UNI_015_120,201,16,3216
2024-09-11,2024_UNI_015_120,205,11,2255
2024-09-12,2024_UNI_015_120,223,18,4014
2024-09-13,2024_UNI_015_120,143,12,1716
2024-09-14,2024_UNI_015_120,214,13,2782
2024-09-15,2024_UNI_015_120,140,14,1960
2024-09-16,2024_UNI_015_120,219,8,1752
2024-09-17,2024_UNI_015_120,169,11,1859
2024-09-18,2024_UNI_015_120,236,16,3776
2024-09-19,2024_UNI_015_120,219,11,2409
2024-09-20,2024_UNI_015_120,195,19,3705
2024-09-21,2024_UNI_015_120,186,16,2976
2024-09-22,2024_UNI_015_120,214,19,4066
2024-09-23,2024_UNI_015_120,164,18,2952
2024-09-24,2024_UNI_015_120,143,16,2288
2024-09-25,2024_UNI_015_120,65,14,910
2024-09-26,2024_UNI_015_120,78,19,1482
2024-09-27,2024_UNI_015_120,204,16,3264
2024-09-28,2024_UNI_015_120,171,14,2394
2024-09-29,2024_UNI_015_120,57,16,912
2024-09-30,2024_UNI_015_120,157,8,1256
2024-10-01,2024_UNI_015_120,156,15,2340
2024-08-01,2024_UNI_016_115,229,19,4351
2024-08-02,2024_UNI_016_115,141,14,1974
2024-08-03,2024_UNI_016_115,125,16,2000
2024-08-04,2024_UNI_016_115,83,10,830
2024-08-05,2024_UNI_016_115,237,13,3081
2024-08-06,2024_UNI_016_115,134,16,2144
2024-08-07,2024_UNI_016_115,142,11,1562
2024-08-08,2024_UNI_016_115,240,11,2640
2024-08-09,2024_UNI_016_115,239,9,2151
2024-08-10,2024_UNI_016_115,184,10,1840
2024-08-11,2024_UNI_016_115,138,8,1104
2024-08-12,2024_UNI_016_115,170,14,2380
2024-08-13,2024_UNI_016_115,187,14,2618
2024-08-14,2024_UNI_016_115,225,18,4050
2024-08-15,2024_UNI_016_115,148,18,2664
2024-08-16,2024_UNI_016_115,128,10,1280
2024-08-17,2024_UNI_016_115,135,18,2430
2024-08-18,2024_UNI_016_115,62,15,930
2024-08-19,2024_UNI_016_115,151,13,1963
2024-08-20,2024_UNI_016_115,188,9,1692
2024-08-21,2024_UNI_016_115,131,10,1310
2024-08-22,2024_UNI_016_115,224,9,2016
2024-08-23,2024_UNI_016_115,204,10,2040
2024-08-24,2024_UNI_016_115,55,11,605
2024-08-25,2024_UNI_016_115,221,10,2210
2024-08-26,2024_UNI_016_115,121,16,1936
2024-08-27,2024_UNI_016_115,161,12,1932
2024-08-28,2024_UNI_016_115,53,14,742
2024-08-29,2024_UNI_016_115,231,16,3696
2024-08-30,2024_UNI_016_115,172,14,2408
2024-08-31,2024_UNI_016_115,142,15,2130
2024-09-01,2024_UNI_016_115,73,10,730
2024-09-02,2024_UNI_016_115,79,14,1106
2024-09-03,2024_UNI_016_115,155,12,1860
2024-09-04,2024_UNI_016_115,159,11,1749
2024-09-05,2024_UNI_016_115,214,15,3210
2024-09-06,2024_UNI_016_115,145,19,2755
2024-09-07,2024_UNI_016_115,154,9,1386
2024-09-08,2024_UNI_016_115,172,10,1720
2024-09-09,2024_UNI_016_115,147,17,2499
2024-09-10,2024_UNI_016_115,209,14,2926
2024-09-11,2024_UNI_016_115,200,10,2000
2024-09-12,2024_UNI_016_115,62,13,806
2024-09-13,2024_UNI_016_115,145,16,2320
2024-09-14,2024_UNI_016_115,168,9,1512
2024-09-15,2024_UNI_016_115,75,14,1050
2024-09-16,2024_UNI_016_115,137,10,1370
2024-09-17,2024_UNI_016_115,227,16,3632
2024-09-18,2024_UNI_016_115,90,17,1530
2024-09-19,2024_UNI_016_115,69,8,552
2024-09-20,2024_UNI_016_115,90,10,900
2024-09-21,2024_UNI_016_115,153,12,1836
2024-09-22,2024_UNI_016_115,207,10,2070
2024-09-23,2024_UNI_016_115,207,9,1863
2024-09-24,2024_UNI_016_115,177,16,2832
2024-09-25,2024_UNI_016_115,133,10,1330
2024-09-26,2024_UNI_016_115,220,13,2860
2024-09-27,2024_UNI_016_115,71,18,1278
2024-09-28,2024_UNI_016_115,139,9,1251
2024-09-29,2024_UNI_016_115,92,12,1104
2024-09-30,2024_UNI_016_115,188,18,3384
2024-10-01,2024_UNI_016_115,154,12,1848
2024-10-02,2024_UNI_016_115,192,12,2304
2024-10-03,2024_UNI_016_115,137,19,2603
2024-10-04,2024_UNI_016_115,232,17,3944
2024-10-05,2024_UNI_016_115,90,17,1530
2024-10-06,2024_UNI_016_115,67,14,938
2024-10-07,2024_UNI_016_115,76,18,1368
2024-10-08,2024_UNI_016_115,106,9,954
2024-10-09,2024_UNI_016_115,63,17,1071
2024-10-10,2024_UNI_016_115,191,17,3247
2024-10-11,2024_UNI_016_115,215,14,3010
2024-10-12,2024_UNI_016_115,96,18,1728
2024-10-13,2024_UNI_016_115,140,15,2100
2024-10-14,2024_UNI_016_115,188,9,1692
2024-10-15,2024_UNI_016_115,106,15,1590
2024-10-16,2024_UNI_016_115,131,15,1965
2024-10-17,2024_UNI_016_115,82,9,738
2024-10-18,2024_UNI_016_115,74,16,1184
2024-10-19,2024_UNI_016_115,85,10,850
2024-10-20,2024_UNI_016_115,135,16,2160
2024-10-21,2024_UNI_016_115,62,15,930
2024-10-22,2024_UNI_016_115,179,8,1432
2024-10-23,2024_UNI_016_115,210,11,2310
2024-10-24,2024_UNI_016_115,69,18,1242
2024-10-25,2024_UNI_016_115,227,12,2724
2024-10-26,2024_UNI_016_115,174,16,2784
2024-10-27,2024_UNI_016_115,135,16,2160
2024-10-28,2024_UNI_016_115,220,9,1980
2024-10-29,2024_UNI_016_115,69,12,828
2024-10-30,2024_UNI_016_115,141,11,1551
2024-10-31,2024_UNI_016_115,144,8,1152
2024-03-01,2024_WAR_005_150,142,19,2698
2024-03-02,2024_WAR_005_150,239,14,3346
2024-03-03,2024_WAR_005_150,160,18,2880
2024-03-04,2024_WAR_005_150,206,15,3090
2024-03-05,2024_WAR_005_150,103,12,1236
2024-03-06,2024_WAR_005_150,108,8,864
2024-03-07,2024_WAR_005_150,107,12,1284
2024-03-08,2024_WAR_005_150,206,12,2472
2024-03-09,2024_WAR_005_150,218,19,4142
2024-03-10,2024_WAR_005_150,217,16,3472
2024-03-11,2024_WAR_005_150,193,11,2123
2024-03-12,2024_WAR_005_150,65,16,1040
2024-03-13,2024_WAR_005_150,80,9,720
2024-03-14,2024_WAR_005_150,179,19,3401
2024-03-15,2024_WAR_005_150,73,8,584
2024-03-16,2024_WAR_005_150,70,19,1330
2024-03-17,2024_WAR_005_150,200,14,2800
2024-03-18,2024_WAR_005_150,220,13,2860
2024-03-19,2024_WAR_005_150,103,10,1030
2024-03-20,2024_WAR_005_150,206,18,3708
2024-03-21,2024_WAR_005_150,199,10,1990
2024-03-22,2024_WAR_005_150,74,18,1332
2024-03-23,2024_WAR_005_150,161,11,1771
2024-03-24,2024_WAR_005_150,144,14,2016
2024-03-25,2024_WAR_005_150,80,8,640
2024-03-26,2024_WAR_005_150,210,17,3570
2024-03-27,2024_WAR_005_150,215,9,1935
2024-03-28,2024_WAR_005_150,207,12,2484
2024-03-29,2024_WAR_005_150,201,9,1809
2024-03-30,2024_WAR_005_150,94,13,1222
2024-03-31,2024_WAR_005_150,95,17,1615
2024-09-01,2024_WAR_011_105,203,14,2842
2024-09-02,2024_WAR_011_105,175,15,2625
2024-09-03,2024_WAR_011_105,176,12,2112
2024-09-04,2024_WAR_011_105,177,9,1593
2024-09-05,2024_WAR_011_105,86,13,1118
2024-09-06,2024_WAR_011_105,119,18,2142
2024-09-07,2024_WAR_011_105,188,10,1880
2024-09-08,2024_WAR_011_105,233,11,2563
2024-09-09,2024_WAR_011_105,237,8,1896
2024-09-10,2024_WAR_011_105,117,14,1638
2024-09-11,2024_WAR_011_105,138,12,1656
2024-09-12,2024_WAR_011_105,238,19,4522
2024-09-13,2024_WAR_011_105,213,11,2343
2024-09-14,2024_WAR_011_105,233,14,3262
2024-09-15,2024_WAR_011_105,198,9,1782
2024-09-16,2024_WAR_011_105,118,17,2006
2024-09-17,2024_WAR_011_105,160,11,1760
2024-09-18,2024_WAR_011_105,216,19,4104
2024-09-19,2024_WAR_011_105,54,15,810
2024-09-20,2024_WAR_011_105,221,15,3315
2024-09-21,2024_WAR_011_105,146,18,2628
2024-09-22,2024_WAR_011_105,135,15,2025
2024-09-23,2024_WAR_011_105,137,10,1370
2024-09-24,2024_WAR_011_105,145,11,1595
2024-09-25,2024_WAR_011_105,229,8,1832
2024-09-26,2024_WAR_011_105,93,18,1674
2024-09-27,2024_WAR_011_105,78,13,1014
2024-09-28,2024_WAR_011_105,227,14,3178
2024-09-29,2024_WAR_011_105,107,12,1284
2024-09-30,2024_WAR_011_105,216,12,2592
2024-10-01,2024_WAR_011_105,128,18,2304
2024-10-02,2024_WAR_011_105,157,8,1256
2024-10-03,2024_WAR_011_105,94,17,1598
2024-10-04,2024_WAR_011_105,115,16,1840
2024-10-05,2024_WAR_011_105,100,16,1600
2024-10-06,2024_WAR_011_105,121,13,1573
2024-10-07,2024_WAR_011_105,166,18,2988
2024-10-08,2024_WAR_011_105,209,10,2090
2024-10-09,2024_WAR_011_105,127,11,1397
2024-10-10,2024_WAR_011_105,231,13,3003
2024-10-11,2024_WAR_011_105,165,16,2640
2024-10-12,2024_WAR_011_105,185,12,2220
2024-10-13,2024_WAR_011_105,237,19,4503
2024-10-14,2024_WAR_011_105,104,9,936
2024-10-15,2024_WAR_011_105,171,14,2394
2024-10-16,2024_WAR_011_105,177,19,3363
2024-10-17,2024_WAR_011_105,166,12,1992
2024-10-18,2024_WAR_011_105,75,17,1275
2024-10-19,2024_WAR_011_105,101,14,1414
2024-10-20,2024_WAR_011_105,144,19,2736
2024-10-21,2024_WAR_011_105,53,9,477
2024-10-22,2024_WAR_011_105,105,14,1470
2024-10-23,2024_WAR_011_105,202,15,3030
2024-10-24,2024_WAR_011_105,59,11,649
2024-10-25,2024_WAR_011_105,83,16,1328
2024-10-26,2024_WAR_011_105,157,18,2826
2024-10-27,2024_WAR_011_105,79,17,1343
2024-10-28,2024_WAR_011_105,67,12,804
2024-10-29,2024_WAR_011_105,118,9,1062
2024-10-30,2024_WAR_011_105,86,12,1032
2024-10-31,2024_WAR_011_105,170,11,1870
2024-10-01,2024_WAR_231_120,185,9,1665
2024-10-02,2024_WAR_231_120,175,9,1575
2024-10-03,2024_WAR_231_120,135,13,1755
2024-10-04,2024_WAR_231_120,189,14,2646
2024-10-05,2024_WAR_231_120,105,19,1995
2024-10-06,2024_WAR_231_120,109,16,1744
2024-10-07,2024_WAR_231_120,216,18,3888
2024-10-08,2024_WAR_231_120,197,15,2955
2024-10-09,2024_WAR_231_120,91,17,1547
2024-10-10,2024_WAR_231_120,179,19,3401
2024-10-11,2024_WAR_231_120,149,14,2086
2024-10-12,2024_WAR_231_120,164,18,2952
2024-10-13,2024_WAR_231_120,132,15,1980
2024-10-14,2024_WAR_231_120,98,11,1078
2024-10-15,2024_WAR_231_120,62,15,930
2024-10-16,2024_WAR_231_120,194,17,3298
2024-10-17,2024_WAR_231_120,127,10,1270
2024-10-18,2024_WAR_231_120,171,9,1539
2024-10-19,2024_WAR_231_120,113,8,904
2024-10-20,2024_WAR_231_120,232,16,3712
2024-10-21,2024_WAR_231_120,140,19,2660
2024-10-22,2024_WAR_231_120,119,16,1904
2024-10-23,2024_WAR_231_120,225,14,3150
2024-10-24,2024_WAR_231_120,121,11,1331
2024-10-25,2024_WAR_231_120,190,13,2470
2024-10-26,2024_WAR_231_120,168,11,1848
2024-10-27,2024_WAR_231_120,140,14,1960
2024-10-28,2024_WAR_231_120,66,9,594
2024-10-29,2024_WAR_231_120,213,14,2982
2024-10-30,2024_WAR_231_120,52,8,416
2024-10-31,2024_WAR_231_120,225,9,2025
